country,lat,long,yr,inbtou_volume,inbtou_volume_ov,inbtou_volume_sd,inbtou_volume_air,inbtou_volume_cruise,inbtou_spending,inbtou_spending_travel,inbtou_spending_transport,covid19_cases,covid19_deaths,covid19_mortality
antigua_and_barbuda,17.0608,-61.7964,2010,812860,NA,NA,NA,NA,568930500,NA,NA,0,0,0
antigua_and_barbuda,17.0608,-61.7964,2011,870240,NA,NA,NA,NA,598619300,NA,NA,0,0,0
antigua_and_barbuda,17.0608,-61.7964,2012,842690,NA,NA,NA,NA,666070300,NA,NA,0,0,0
antigua_and_barbuda,17.0608,-61.7964,2013,805550,NA,NA,NA,NA,658851600,NA,NA,0,0,0
antigua_and_barbuda,17.0608,-61.7964,2014,792590,NA,NA,NA,NA,595796200,NA,NA,0,0,0
antigua_and_barbuda,17.0608,-61.7964,2015,905670,NA,NA,NA,NA,589232400,NA,NA,0,0,0
antigua_and_barbuda,17.0608,-61.7964,2016,891430,NA,NA,NA,NA,632052500,NA,NA,0,0,0
antigua_and_barbuda,17.0608,-61.7964,2017,1059720,NA,NA,NA,NA,606311600,NA,NA,0,0,0
antigua_and_barbuda,17.0608,-61.7964,2018,1082410,NA,NA,NA,NA,640347900,NA,NA,0,0,0
antigua_and_barbuda,17.0608,-61.7964,2019,1054070,NA,NA,NA,NA,775349800,NA,NA,0,0,0
antigua_and_barbuda,17.0608,-61.7964,2020,397780,NA,NA,NA,NA,349738800,NA,NA,159,5,0.031446540880503145
antigua_and_barbuda,17.0608,-61.7964,2021,252220,NA,NA,NA,NA,487808000,NA,NA,4124,114,0.027643064985451018
antigua_and_barbuda,17.0608,-61.7964,2022,NA,NA,NA,NA,NA,NA,NA,NA,4823,27,0.005598175409496164
aruba,12.5211,-69.9683,2010,NA,822300,NA,NA,NA,1334830500,NA,NA,0,0,0
aruba,12.5211,-69.9683,2011,NA,869000,NA,NA,NA,1422465000.0000002,NA,NA,0,0,0
aruba,12.5211,-69.9683,2012,NA,903900,NA,NA,NA,1508989500.0000002,NA,NA,0,0,0
aruba,12.5211,-69.9683,2013,NA,979300,NA,NA,NA,1607335500.0000002,NA,NA,0,0,0
aruba,12.5211,-69.9683,2014,NA,1072100,NA,NA,NA,1717947000.0000002,NA,NA,0,0,0
aruba,12.5211,-69.9683,2015,NA,1224900,NA,NA,NA,1777998000.0000002,NA,NA,0,0,0
aruba,12.5211,-69.9683,2016,NA,1102000,NA,NA,NA,1735984500.0000002,NA,NA,0,0,0
aruba,12.5211,-69.9683,2017,NA,1070500,NA,NA,NA,1831167000.0000002,NA,NA,0,0,0
aruba,12.5211,-69.9683,2018,NA,1082000,NA,NA,NA,2008434000.0000002,NA,NA,0,0,0
aruba,12.5211,-69.9683,2019,NA,1118900,NA,NA,NA,2080639500.0000002,NA,NA,0,0,0
aruba,12.5211,-69.9683,2020,NA,368300,NA,NA,NA,1057386000.0000001,NA,NA,5489,49,0.008926944798688285
aruba,12.5211,-69.9683,2021,NA,806600,NA,NA,NA,NA,NA,NA,14972,132,0.008816457387122629
aruba,12.5211,-69.9683,2022,NA,NA,NA,NA,NA,NA,NA,NA,23291,99,0.004250568889270534
bahamas,25.025885,-78.035889,2010,5260000,1370000,3890000,NA,NA,2159000000,2147000000,12000000,0,0,0
bahamas,25.025885,-78.035889,2011,5590000,1350000,4240000,NA,NA,2157000000,2142000000,15000000,0,0,0
bahamas,25.025885,-78.035889,2012,5940000,1420000,4520000,NA,NA,2333000000,2311000000,22000000,0,0,0
bahamas,25.025885,-78.035889,2013,6160000,1370000,4790000,NA,NA,2305000000,2285000000,20000000,0,0,0
bahamas,25.025885,-78.035889,2014,6320000,1450000,4870000,NA,NA,2336000000,2316000000,20000000,0,0,0
bahamas,25.025885,-78.035889,2015,6120000,1500000,4620000,NA,NA,2554000000,2537000000,17000000,0,0,0
bahamas,25.025885,-78.035889,2016,6270000,1500000,4770000,NA,NA,3091000000,3074000000,17000000,0,0,0
bahamas,25.025885,-78.035889,2017,6130000,1450000,4680000,NA,NA,2951000000,2930000000,21000000,0,0,0
bahamas,25.025885,-78.035889,2018,6620000,1630000,4990000,NA,NA,3756000000,3728000000,28000000,0,0,0
bahamas,25.025885,-78.035889,2019,7250000,1810000,5440000,NA,NA,4150000000,4125000000,25000000,0,0,0
bahamas,25.025885,-78.035889,2020,1790000,440000,1350000,NA,NA,972000000,967000000,5000000,7871,170,0.02159827213822894
bahamas,25.025885,-78.035889,2021,2100000,890000,1210000,NA,NA,2334000000,2322000000,12000000,16605,547,0.0329418849744053
bahamas,25.025885,-78.035889,2022,NA,NA,NA,NA,NA,NA,NA,NA,13015,116,0.008912792931233192
barbados,13.1939,-59.5432,2010,1197000,532000,665000,NA,NA,NA,1040000000,NA,0,0,0
barbados,13.1939,-59.5432,2011,1187000,568000,619000,NA,NA,NA,970000000,NA,0,0,0
barbados,13.1939,-59.5432,2012,1053000,536000,517000,NA,NA,NA,930000000,NA,0,0,0
barbados,13.1939,-59.5432,2013,1079000,509000,570000,NA,NA,NA,970000000,NA,0,0,0
barbados,13.1939,-59.5432,2014,1079000,521000,558000,NA,NA,NA,890000000,NA,0,0,0
barbados,13.1939,-59.5432,2015,1179000,592000,587000,NA,NA,NA,950000000,NA,0,0,0
barbados,13.1939,-59.5432,2016,1227000,632000,595000,NA,NA,NA,1040000000,NA,0,0,0
barbados,13.1939,-59.5432,2017,1345000,664000,681000,NA,NA,NA,1080000000,NA,0,0,0
barbados,13.1939,-59.5432,2018,1356000,680000,676000,NA,NA,NA,1120000000,NA,0,0,0
barbados,13.1939,-59.5432,2019,966000,523000,443000,NA,NA,NA,1250000000,NA,0,0,0
barbados,13.1939,-59.5432,2020,545000,207000,338000,NA,NA,NA,580000000,NA,383,7,0.018276762402088774
barbados,13.1939,-59.5432,2021,NA,NA,NA,NA,NA,NA,NA,NA,28182,253,0.00897736143637783
barbados,13.1939,-59.5432,2022,NA,NA,NA,NA,NA,NA,NA,NA,76950,308,0.004002599090318389
bonaire_st_eustatius_saba,12.1784,-68.2385,2010,NA,NA,NA,NA,NA,NA,NA,NA,0,0,0
bonaire_st_eustatius_saba,12.1784,-68.2385,2011,NA,NA,NA,NA,NA,NA,NA,NA,0,0,0
bonaire_st_eustatius_saba,12.1784,-68.2385,2012,NA,NA,NA,149799.99999999997,NA,NA,NA,NA,0,0,0
bonaire_st_eustatius_saba,12.1784,-68.2385,2013,NA,NA,NA,151899.99999999997,NA,NA,NA,NA,0,0,0
bonaire_st_eustatius_saba,12.1784,-68.2385,2014,NA,NA,NA,150400,NA,NA,NA,NA,0,0,0
bonaire_st_eustatius_saba,12.1784,-68.2385,2015,NA,NA,NA,153799.99999999997,NA,NA,NA,NA,0,0,0
bonaire_st_eustatius_saba,12.1784,-68.2385,2016,NA,NA,NA,156000,NA,NA,NA,NA,0,0,0
bonaire_st_eustatius_saba,12.1784,-68.2385,2017,NA,NA,NA,147000,NA,NA,NA,NA,0,0,0
bonaire_st_eustatius_saba,12.1784,-68.2385,2018,NA,NA,NA,166400,NA,NA,NA,NA,0,0,0
bonaire_st_eustatius_saba,12.1784,-68.2385,2019,NA,NA,NA,177100.00000000003,NA,NA,NA,NA,0,0,0
bonaire_st_eustatius_saba,12.1784,-68.2385,2020,NA,NA,NA,72100.00000000001,NA,NA,NA,NA,196,3,0.015306122448979591
bonaire_st_eustatius_saba,12.1784,-68.2385,2021,NA,NA,NA,118899.99999999999,NA,NA,NA,NA,3210,20,0.006230529595015576
bonaire_st_eustatius_saba,12.1784,-68.2385,2022,NA,NA,NA,NA,NA,NA,NA,NA,8310,16,0.0019253910950661852
british_virgin_islands,18.4207,-64.64,2010,831000,330000,501000,NA,NA,643100000,NA,NA,0,0,0
british_virgin_islands,18.4207,-64.64,2011,823000,338000,485000,NA,NA,653800000,NA,NA,0,0,0
british_virgin_islands,18.4207,-64.64,2012,742000,351000,391000,NA,NA,674700000,NA,NA,0,0,0
british_virgin_islands,18.4207,-64.64,2013,733000,366000,367000,NA,NA,714000000,NA,NA,0,0,0
british_virgin_islands,18.4207,-64.64,2014,747000,386000,361000,NA,NA,760600000,NA,NA,0,0,0
british_virgin_islands,18.4207,-64.64,2015,909000,393000,516000,NA,NA,779200000,NA,NA,0,0,0
british_virgin_islands,18.4207,-64.64,2016,1107000,408000,699000,NA,NA,794900000,NA,NA,0,0,0
british_virgin_islands,18.4207,-64.64,2017,745000,335000,410000,NA,NA,639100000,NA,NA,0,0,0
british_virgin_islands,18.4207,-64.64,2018,393000,192000,201000,NA,NA,567900000,NA,NA,0,0,0
british_virgin_islands,18.4207,-64.64,2019,877000,302000,575000,NA,NA,612800000,NA,NA,0,0,0
british_virgin_islands,18.4207,-64.64,2020,302000,83000,219000,NA,NA,NA,NA,NA,86,1,0.011627906976744186
british_virgin_islands,18.4207,-64.64,2021,NA,NA,NA,NA,NA,NA,NA,NA,3406,38,0.011156782149148562
british_virgin_islands,18.4207,-64.64,2022,NA,NA,NA,NA,NA,NA,NA,NA,3813,25,0.0065565171780750066
cayman_islands,19.3133,-81.2546,2010,1890000,290000,1600000,NA,NA,531600000,NA,NA,0,0,0
cayman_islands,19.3133,-81.2546,2011,1710000,310000,1400000,NA,NA,565600000,NA,NA,0,0,0
cayman_islands,19.3133,-81.2546,2012,1830000,320000,1510000,NA,NA,641500000,NA,NA,0,0,0
cayman_islands,19.3133,-81.2546,2013,1730000,350000,1380000,NA,NA,670800000,NA,NA,0,0,0
cayman_islands,19.3133,-81.2546,2014,1990000,380000,1610000,NA,NA,706800000,NA,NA,0,0,0
cayman_islands,19.3133,-81.2546,2015,2110000,390000,1720000,NA,NA,726800000,NA,NA,0,0,0
cayman_islands,19.3133,-81.2546,2016,2100000,390000,1710000,NA,NA,737000000,NA,NA,0,0,0
cayman_islands,19.3133,-81.2546,2017,2150000,420000,1730000,NA,NA,789600000,NA,NA,0,0,0
cayman_islands,19.3133,-81.2546,2018,2380000,460000,1920000,NA,NA,849400000,NA,NA,0,0,0
cayman_islands,19.3133,-81.2546,2019,2330000,500000,1830000,NA,NA,876300000,NA,NA,0,0,0
cayman_islands,19.3133,-81.2546,2020,660000,120000,540000,NA,NA,NA,NA,NA,338,2,0.005917159763313609
cayman_islands,19.3133,-81.2546,2021,NA,NA,NA,NA,NA,NA,NA,NA,8480,9,0.0010613207547169811
cayman_islands,19.3133,-81.2546,2022,NA,NA,NA,NA,NA,NA,NA,NA,22654,26,0.0011477001853977223
cuba,21.521757,-77.781167,2010,NA,NA,NA,NA,NA,2396000000,2187000000,209000000,0,0,0
cuba,21.521757,-77.781167,2011,NA,NA,NA,NA,NA,2503000000,2283000000,220000000,0,0,0
cuba,21.521757,-77.781167,2012,NA,NA,NA,NA,NA,2614000000,2326000000,288000000,0,0,0
cuba,21.521757,-77.781167,2013,2490900,NA,NA,NA,NA,2608000000,2325000000,283000000,0,0,0
cuba,21.521757,-77.781167,2014,2654700,NA,NA,NA,NA,2546000000,2367000000,179000000,0,0,0
cuba,21.521757,-77.781167,2015,3152400,NA,NA,NA,NA,2819000000,2601000000,218000000,0,0,0
cuba,21.521757,-77.781167,2016,3585200,NA,NA,NA,NA,3069000000,2907000000,162000000,0,0,0
cuba,21.521757,-77.781167,2017,4143399.9999999995,NA,NA,NA,NA,3302000000,3186000000,116000000,0,0,0
cuba,21.521757,-77.781167,2018,4111600.0000000005,NA,NA,NA,NA,2783000000,2703000000,80000000,0,0,0
cuba,21.521757,-77.781167,2019,3651600,NA,NA,NA,NA,2645000000,2596000000,49000000,0,0,0
cuba,21.521757,-77.781167,2020,1085900,NA,NA,NA,NA,1152000000,1137000000,15000000,11863,146,0.012307173564865548
cuba,21.521757,-77.781167,2021,356500,NA,NA,NA,NA,417000000,404000000,13000000,954141,8176,0.008568964125847229
cuba,21.521757,-77.781167,2022,NA,NA,NA,NA,NA,NA,NA,NA,145989,208,0.0014247648795457193
curacao,12.1696,-68.99,2010,754650,334650,420000,NA,NA,438000000,385000000,53000000,0,0,0
curacao,12.1696,-68.99,2011,826280,379280,447000,NA,NA,540000000,453000000,87000000,0,0,0
curacao,12.1696,-68.99,2012,892760,405760,487000,NA,NA,676000000,543000000,133000000,0,0,0
curacao,12.1696,-68.99,2013,1052150,422150,630000,NA,NA,778000000,583000000,195000000,0,0,0
curacao,12.1696,-68.99,2014,1104100,427100,677000,NA,NA,820000000,635000000,185000000,0,0,0
curacao,12.1696,-68.99,2015,1071540,467540,604000,NA,NA,712000000,607000000,105000000,0,0,0
curacao,12.1696,-68.99,2016,943360,441360,502000,NA,NA,644000000,573000000,71000000,0,0,0
curacao,12.1696,-68.99,2017,1057840,398840,659000,NA,NA,572000000,551000000,21000000,0,0,0
curacao,12.1696,-68.99,2018,1209700,431700,778000,NA,NA,604000000,593000000,11000000,0,0,0
curacao,12.1696,-68.99,2019,1292690,463690,829000,NA,NA,706000000,703000000,3000000,0,0,0
curacao,12.1696,-68.99,2020,435870,174870,261000,NA,NA,282000000,281000000,1000000,4260,14,0.0032863849765258214
curacao,12.1696,-68.99,2021,NA,265000,NA,NA,NA,460000000,459000000,1000000,17065,175,0.010254907705830648
curacao,12.1696,-68.99,2022,NA,NA,NA,NA,NA,NA,NA,NA,24661,110,0.004460484165281213
dominica,15.415,-61.371,2010,597940,NA,NA,NA,NA,93543400,NA,NA,0,0,0
dominica,15.415,-61.371,2011,423420,NA,NA,NA,NA,105801500,NA,NA,0,0,0
dominica,15.415,-61.371,2012,354190,NA,NA,NA,NA,76049800,NA,NA,0,0,0
dominica,15.415,-61.371,2013,319360,NA,NA,NA,NA,102490000,NA,NA,0,0,0
dominica,15.415,-61.371,2014,377560,NA,NA,NA,NA,127080200,NA,NA,0,0,0
dominica,15.415,-61.371,2015,366090,NA,NA,NA,NA,124678900,NA,NA,0,0,0
dominica,15.415,-61.371,2016,364620,NA,NA,NA,NA,102197700,NA,NA,0,0,0
dominica,15.415,-61.371,2017,238530,NA,NA,NA,NA,75280200,NA,NA,0,0,0
dominica,15.415,-61.371,2018,206090,NA,NA,NA,NA,81610900,NA,NA,0,0,0
dominica,15.415,-61.371,2019,334870,NA,NA,NA,NA,121522800,NA,NA,0,0,0
dominica,15.415,-61.371,2020,145880,NA,NA,NA,NA,21234300,NA,NA,88,0,0
dominica,15.415,-61.371,2021,66160,NA,NA,NA,NA,16194900,NA,NA,6726,47,0.006987808504311626
dominica,15.415,-61.371,2022,NA,NA,NA,NA,NA,NA,NA,NA,8946,27,0.0030181086519114686
dominican_republic,18.7357,-70.1627,2010,4470000,NA,NA,4120000,350000,4540000000,NA,NA,0,0,0
dominican_republic,18.7357,-70.1627,2011,4660000,NA,NA,4310000,350000,4570000000,NA,NA,0,0,0
dominican_republic,18.7357,-70.1627,2012,4900000,NA,NA,4560000,340000,4770000000,NA,NA,0,0,0
dominican_republic,18.7357,-70.1627,2013,5110000,NA,NA,4690000,420000,5260000000,NA,NA,0,0,0
dominican_republic,18.7357,-70.1627,2014,5580000,NA,NA,5140000,440000,5820000000,NA,NA,0,0,0
dominican_republic,18.7357,-70.1627,2015,6130000,NA,NA,5600000,530000,6400000000,NA,NA,0,0,0
dominican_republic,18.7357,-70.1627,2016,6770000,NA,NA,5960000,810000,7050000000,NA,NA,0,0,0
dominican_republic,18.7357,-70.1627,2017,7300000,NA,NA,6190000,1110000,7460000000,NA,NA,0,0,0
dominican_republic,18.7357,-70.1627,2018,7550000,NA,NA,6570000,980000,7860000000,NA,NA,0,0,0
dominican_republic,18.7357,-70.1627,2019,7550000,NA,NA,6450000,1100000,7970000000,NA,NA,0,0,0
dominican_republic,18.7357,-70.1627,2020,2750000,NA,NA,2410000,340000,2970000000,NA,NA,170785,2414,0.014134730801885412
dominican_republic,18.7357,-70.1627,2021,5320000,NA,NA,4990000,330000,5190000000,NA,NA,247993,1833,0.007391337658724238
dominican_republic,18.7357,-70.1627,2022,NA,NA,NA,NA,NA,NA,NA,NA,236762,137,0.0005786401534029954
grenada,12.1165,-61.679,2010,451200,NA,NA,NA,NA,NA,NA,NA,0,0,0
grenada,12.1165,-61.679,2011,438100,NA,NA,NA,NA,NA,NA,NA,0,0,0
grenada,12.1165,-61.679,2012,371400,NA,NA,NA,NA,NA,NA,NA,0,0,0
grenada,12.1165,-61.679,2013,327100,NA,NA,NA,NA,NA,NA,NA,0,0,0
grenada,12.1165,-61.679,2014,386700,NA,NA,NA,NA,NA,NA,NA,0,0,0
grenada,12.1165,-61.679,2015,426900,NA,NA,NA,NA,NA,NA,NA,0,0,0
grenada,12.1165,-61.679,2016,474200,NA,NA,NA,NA,NA,NA,NA,0,0,0
grenada,12.1165,-61.679,2017,468900,NA,NA,NA,NA,NA,NA,NA,0,0,0
grenada,12.1165,-61.679,2018,528600,NA,NA,NA,NA,NA,NA,NA,0,0,0
grenada,12.1165,-61.679,2019,526000,NA,NA,NA,NA,NA,NA,NA,0,0,0
grenada,12.1165,-61.679,2020,216900,NA,NA,NA,NA,NA,NA,NA,127,0,0
grenada,12.1165,-61.679,2021,71860,NA,NA,NA,NA,NA,NA,NA,6054,200,0.03303600925008259
grenada,12.1165,-61.679,2022,366300,NA,NA,NA,NA,NA,NA,NA,13463,38,0.0028225506944960263
haiti,18.9712,-72.2852,2010,793000,255000,538000,NA,NA,NA,NA,NA,0,0,0
haiti,18.9712,-72.2852,2011,946000,349000,597000,NA,NA,NA,NA,NA,0,0,0
haiti,18.9712,-72.2852,2012,959000,349000,610000,NA,NA,NA,NA,NA,0,0,0
haiti,18.9712,-72.2852,2013,1064000,420000,644000,NA,NA,NA,NA,NA,0,0,0
haiti,18.9712,-72.2852,2014,1127000,465000,662000,NA,NA,NA,NA,NA,0,0,0
haiti,18.9712,-72.2852,2015,1190000,516000,674000,NA,NA,NA,NA,NA,0,0,0
haiti,18.9712,-72.2852,2016,1153000,445000,708000,NA,NA,NA,NA,NA,0,0,0
haiti,18.9712,-72.2852,2017,1262000,467000,795000,NA,NA,NA,NA,NA,0,0,0
haiti,18.9712,-72.2852,2018,1332000,447000,885000,NA,NA,NA,NA,NA,0,0,0
haiti,18.9712,-72.2852,2019,938000,286000,652000,NA,NA,NA,NA,NA,0,0,0
haiti,18.9712,-72.2852,2020,322000,203000,119000,NA,NA,NA,NA,NA,9999,236,0.023602360236023603
haiti,18.9712,-72.2852,2021,NA,NA,NA,NA,NA,NA,NA,NA,16170,537,0.03320964749536178
haiti,18.9712,-72.2852,2022,NA,NA,NA,NA,NA,NA,NA,NA,7724,87,0.01126359399274987
jamaica,18.1096,-77.2975,2010,NA,1920000,NA,NA,NA,2000000000,NA,NA,0,0,0
jamaica,18.1096,-77.2975,2011,NA,1950000,NA,NA,NA,2009999999.9999998,NA,NA,0,0,0
jamaica,18.1096,-77.2975,2012,NA,1990000,NA,NA,NA,2069999999.9999998,NA,NA,0,0,0
jamaica,18.1096,-77.2975,2013,NA,2009999.9999999998,NA,NA,NA,2109999999.9999998,NA,NA,0,0,0
jamaica,18.1096,-77.2975,2014,NA,2080000,NA,NA,NA,2240000000,NA,NA,0,0,0
jamaica,18.1096,-77.2975,2015,NA,2120000,NA,NA,NA,2400000000,NA,NA,0,0,0
jamaica,18.1096,-77.2975,2016,NA,2180000,NA,NA,NA,2610000000,NA,NA,0,0,0
jamaica,18.1096,-77.2975,2017,NA,2350000,NA,NA,NA,3010000000,NA,NA,0,0,0
jamaica,18.1096,-77.2975,2018,NA,2470000,NA,NA,NA,3310000000,NA,NA,0,0,0
jamaica,18.1096,-77.2975,2019,NA,2680000,NA,NA,NA,3640000000,NA,NA,0,0,0
jamaica,18.1096,-77.2975,2020,NA,880000,NA,NA,NA,1260000000,NA,NA,12827,302,0.02354408669213378
jamaica,18.1096,-77.2975,2021,NA,NA,NA,NA,NA,NA,NA,NA,81093,2171,0.026771731222177006
jamaica,18.1096,-77.2975,2022,NA,NA,NA,NA,NA,NA,NA,NA,58838,988,0.016791869200176758
martinique,14.6415,-61.0242,2010,553000,478000,75000,NA,NA,NA,NA,NA,0,0,0
martinique,14.6415,-61.0242,2011,538000,497000,41000,NA,NA,NA,NA,NA,0,0,0
martinique,14.6415,-61.0242,2012,603000,488000,115000,NA,NA,NA,NA,NA,0,0,0
martinique,14.6415,-61.0242,2013,623000,490000,133000,NA,NA,NA,NA,NA,0,0,0
martinique,14.6415,-61.0242,2014,696000,490000,206000,NA,NA,NA,NA,NA,0,0,0
martinique,14.6415,-61.0242,2015,761000,487000,274000,NA,NA,NA,NA,NA,0,0,0
martinique,14.6415,-61.0242,2016,842000,519000,323000,NA,NA,NA,NA,NA,0,0,0
martinique,14.6415,-61.0242,2017,1003000,536000,467000,NA,NA,NA,NA,NA,0,0,0
martinique,14.6415,-61.0242,2018,1002000,537000,465000,NA,NA,NA,NA,NA,0,0,0
martinique,14.6415,-61.0242,2019,919000,556000,363000,NA,NA,NA,NA,NA,0,0,0
martinique,14.6415,-61.0242,2020,523000,312000,211000,NA,NA,NA,NA,NA,6072,42,0.00691699604743083
martinique,14.6415,-61.0242,2021,312000,291000,21000,NA,NA,NA,NA,NA,42051,735,0.017478775772276522
martinique,14.6415,-61.0242,2022,NA,NA,NA,NA,NA,NA,NA,NA,176703,299,0.00169210483127055
montserrat,16.742498,-62.187366,2010,9580,NA,NA,NA,NA,5875600,NA,NA,0,0,0
montserrat,16.742498,-62.187366,2011,10470,NA,NA,NA,NA,5150400,NA,NA,0,0,0
montserrat,16.742498,-62.187366,2012,12130,NA,NA,NA,NA,6974500,NA,NA,0,0,0
montserrat,16.742498,-62.187366,2013,10460,NA,NA,NA,NA,6741400,NA,NA,0,0,0
montserrat,16.742498,-62.187366,2014,12330,NA,NA,NA,NA,8162200,NA,NA,0,0,0
montserrat,16.742498,-62.187366,2015,15090,NA,NA,NA,NA,8413800,NA,NA,0,0,0
montserrat,16.742498,-62.187366,2016,15360,NA,NA,NA,NA,8428600,NA,NA,0,0,0
montserrat,16.742498,-62.187366,2017,19520,NA,NA,NA,NA,9327700,NA,NA,0,0,0
montserrat,16.742498,-62.187366,2018,18340,NA,NA,NA,NA,9838300,NA,NA,0,0,0
montserrat,16.742498,-62.187366,2019,20980,NA,NA,NA,NA,9919700,NA,NA,0,0,0
montserrat,16.742498,-62.187366,2020,8300,NA,NA,NA,NA,5102300,NA,NA,13,1,0.07692307692307693
montserrat,16.742498,-62.187366,2021,1600,NA,NA,NA,NA,1594700,NA,NA,33,0,0
montserrat,16.742498,-62.187366,2022,NA,NA,NA,NA,NA,NA,NA,NA,1357,7,0.005158437730287398
puerto_rico,18.2208,-66.5901,2010,NA,NA,NA,NA,NA,5960000000,NA,NA,0,0,0
puerto_rico,18.2208,-66.5901,2011,NA,NA,NA,NA,NA,5840000000,NA,NA,0,0,0
puerto_rico,18.2208,-66.5901,2012,NA,NA,NA,NA,NA,5820000000,NA,NA,0,0,0
puerto_rico,18.2208,-66.5901,2013,NA,NA,NA,NA,NA,5800000000,NA,NA,0,0,0
puerto_rico,18.2208,-66.5901,2014,NA,2537200,NA,NA,NA,6100000000,NA,NA,0,0,0
puerto_rico,18.2208,-66.5901,2015,NA,2642800,NA,NA,NA,6500000000,NA,NA,0,0,0
puerto_rico,18.2208,-66.5901,2016,NA,2647300,NA,NA,NA,6660000000,NA,NA,0,0,0
puerto_rico,18.2208,-66.5901,2017,NA,2247800,NA,NA,NA,5550000000,NA,NA,0,0,0
puerto_rico,18.2208,-66.5901,2018,NA,1766600,NA,NA,NA,5000000000,NA,NA,0,0,0
puerto_rico,18.2208,-66.5901,2019,NA,2267400,NA,NA,NA,5510000000,NA,NA,0,0,0
puerto_rico,18.2208,-66.5901,2020,NA,1136400,NA,NA,NA,NA,NA,NA,76291,1503,0.01970088214861517
puerto_rico,18.2208,-66.5901,2021,NA,NA,NA,NA,NA,NA,NA,NA,196433,1802,0.00917361135858028
puerto_rico,18.2208,-66.5901,2022,NA,NA,NA,NA,NA,NA,NA,NA,781515,2236,0.002861109511653647
saint_kitts_and_nevis,17.357822,-62.782998,2010,621280,NA,NA,NA,NA,89540000,NA,NA,0,0,0
saint_kitts_and_nevis,17.357822,-62.782998,2011,715250,NA,NA,NA,NA,107670000,NA,NA,0,0,0
saint_kitts_and_nevis,17.357822,-62.782998,2012,635430,NA,NA,NA,NA,109150000,NA,NA,0,0,0
saint_kitts_and_nevis,17.357822,-62.782998,2013,709940,NA,NA,NA,NA,116550000,NA,NA,0,0,0
saint_kitts_and_nevis,17.357822,-62.782998,2014,823280,NA,NA,NA,NA,125430000,NA,NA,0,0,0
saint_kitts_and_nevis,17.357822,-62.782998,2015,1033819.9999999999,NA,NA,NA,NA,133570000,NA,NA,0,0,0
saint_kitts_and_nevis,17.357822,-62.782998,2016,1054900,NA,NA,NA,NA,138750000,NA,NA,0,0,0
saint_kitts_and_nevis,17.357822,-62.782998,2017,1192970,NA,NA,NA,NA,159470000,NA,NA,0,0,0
saint_kitts_and_nevis,17.357822,-62.782998,2018,1297330,NA,NA,NA,NA,195730000,NA,NA,0,0,0
saint_kitts_and_nevis,17.357822,-62.782998,2019,1181850,NA,NA,NA,NA,188700000,NA,NA,0,0,0
saint_kitts_and_nevis,17.357822,-62.782998,2020,300690,NA,NA,NA,NA,45510000,NA,NA,32,0,0
saint_kitts_and_nevis,17.357822,-62.782998,2021,122610,NA,NA,NA,NA,28490000,NA,NA,2967,28,0.009437141894169195
saint_kitts_and_nevis,17.357822,-62.782998,2022,NA,NA,NA,NA,NA,NA,NA,NA,3563,18,0.005051922537187763
saint_lucia,13.9094,-60.9789,2010,1026339.9999999999,NA,NA,NA,NA,564912300,NA,NA,0,0,0
saint_lucia,13.9094,-60.9789,2011,994960,NA,NA,NA,NA,585236400,NA,NA,0,0,0
saint_lucia,13.9094,-60.9789,2012,931220,NA,NA,NA,NA,592788100,NA,NA,0,0,0
saint_lucia,13.9094,-60.9789,2013,960620,NA,NA,NA,NA,654234000,NA,NA,0,0,0
saint_lucia,13.9094,-60.9789,2014,1034069.9999999999,NA,NA,NA,NA,730794400,NA,NA,0,0,0
saint_lucia,13.9094,-60.9789,2015,1088180,NA,NA,NA,NA,767409600,NA,NA,0,0,0
saint_lucia,13.9094,-60.9789,2016,1004040,NA,NA,NA,NA,733180900,NA,NA,0,0,0
saint_lucia,13.9094,-60.9789,2017,1114760,NA,NA,NA,NA,836577400,NA,NA,0,0,0
saint_lucia,13.9094,-60.9789,2018,1228720,NA,NA,NA,NA,899643900,NA,NA,0,0,0
saint_lucia,13.9094,-60.9789,2019,1286000,NA,NA,NA,NA,997575500,NA,NA,0,0,0
saint_lucia,13.9094,-60.9789,2020,455410,NA,NA,NA,NA,317556200,NA,NA,353,5,0.014164305949008499
saint_lucia,13.9094,-60.9789,2021,301680,NA,NA,NA,NA,775623600.0000001,NA,NA,13217,290,0.02194143905576152
saint_lucia,13.9094,-60.9789,2022,NA,NA,NA,NA,NA,NA,NA,NA,16171,114,0.00704965679302455
saint_vincent_and_the_grenadines,12.9843,-61.2872,2010,231120,NA,NA,NA,NA,86099000,NA,NA,0,0,0
saint_vincent_and_the_grenadines,12.9843,-61.2872,2011,208000,NA,NA,NA,NA,91593500,NA,NA,0,0,0
saint_vincent_and_the_grenadines,12.9843,-61.2872,2012,199840,NA,NA,NA,NA,94054000,NA,NA,0,0,0
saint_vincent_and_the_grenadines,12.9843,-61.2872,2013,200120,NA,NA,NA,NA,92252100,NA,NA,0,0,0
saint_vincent_and_the_grenadines,12.9843,-61.2872,2014,204930,NA,NA,NA,NA,92292800,NA,NA,0,0,0
saint_vincent_and_the_grenadines,12.9843,-61.2872,2015,206660,NA,NA,NA,NA,95648700,NA,NA,0,0,0
saint_vincent_and_the_grenadines,12.9843,-61.2872,2016,223160,NA,NA,NA,NA,100025800,NA,NA,0,0,0
saint_vincent_and_the_grenadines,12.9843,-61.2872,2017,303040,NA,NA,NA,NA,95008599.99999999,NA,NA,0,0,0
saint_vincent_and_the_grenadines,12.9843,-61.2872,2018,356070,NA,NA,NA,NA,104280800,NA,NA,0,0,0
saint_vincent_and_the_grenadines,12.9843,-61.2872,2019,404100,NA,NA,NA,NA,117778400,NA,NA,0,0,0
saint_vincent_and_the_grenadines,12.9843,-61.2872,2020,154830,NA,NA,NA,NA,43715500,NA,NA,121,0,0
saint_vincent_and_the_grenadines,12.9843,-61.2872,2021,56760,NA,NA,NA,NA,36274800,NA,NA,5729,81,0.014138593122709025
saint_vincent_and_the_grenadines,12.9843,-61.2872,2022,NA,NA,NA,NA,NA,NA,NA,NA,3688,38,0.010303687635574838
sint_maarten,18.0425,-63.0548,2010,NA,NA,NA,NA,NA,NA,NA,NA,0,0,0
sint_maarten,18.0425,-63.0548,2011,NA,NA,NA,NA,NA,NA,NA,NA,0,0,0
sint_maarten,18.0425,-63.0548,2012,NA,NA,NA,NA,1752000,NA,NA,NA,0,0,0
sint_maarten,18.0425,-63.0548,2013,NA,NA,NA,NA,1786000,NA,NA,NA,0,0,0
sint_maarten,18.0425,-63.0548,2014,NA,NA,NA,NA,2002000,NA,NA,NA,0,0,0
sint_maarten,18.0425,-63.0548,2015,NA,NA,NA,NA,1902000,NA,NA,NA,0,0,0
sint_maarten,18.0425,-63.0548,2016,NA,NA,NA,NA,1669000,NA,NA,NA,0,0,0
sint_maarten,18.0425,-63.0548,2017,NA,NA,NA,NA,1238000,NA,NA,NA,0,0,0
sint_maarten,18.0425,-63.0548,2018,NA,NA,NA,NA,1597000,NA,NA,NA,0,0,0
sint_maarten,18.0425,-63.0548,2019,NA,NA,NA,NA,1632000,NA,NA,NA,0,0,0
sint_maarten,18.0425,-63.0548,2020,NA,NA,NA,NA,436000,NA,NA,NA,1456,27,0.018543956043956044
sint_maarten,18.0425,-63.0548,2021,NA,NA,NA,NA,243450,NA,NA,NA,3741,48,0.012830793905372895
sint_maarten,18.0425,-63.0548,2022,NA,NA,NA,NA,NA,NA,NA,NA,5791,14,0.0024175444655499916
trinidad_and_tobago,10.6918,-61.2225,2010,490000,388000,102000,NA,NA,630000000,450000000,180000000,0,0,0
trinidad_and_tobago,10.6918,-61.2225,2011,491000,431000,60000,NA,NA,650000000,472000000,178000000,0,0,0
trinidad_and_tobago,10.6918,-61.2225,2012,504000,455000,49000,NA,NA,852000000,413000000,439000000,0,0,0
trinidad_and_tobago,10.6918,-61.2225,2013,467000,434000,33000,NA,NA,856000000,430000000,426000000,0,0,0
trinidad_and_tobago,10.6918,-61.2225,2014,455000,412000,43000,NA,NA,875000000,447000000,428000000,0,0,0
trinidad_and_tobago,10.6918,-61.2225,2015,519000,440000,79000,NA,NA,809000000,531000000,278000000,0,0,0
trinidad_and_tobago,10.6918,-61.2225,2016,492000,409000,83000,NA,NA,708000000,464000000,244000000,0,0,0
trinidad_and_tobago,10.6918,-61.2225,2017,465000,395000,70000,NA,NA,717000000,453000000,264000000,0,0,0
trinidad_and_tobago,10.6918,-61.2225,2018,501000,375000,126000,NA,NA,541000000,429000000,112000000,0,0,0
trinidad_and_tobago,10.6918,-61.2225,2019,480000,389000,91000,NA,NA,481000000,436000000,45000000,0,0,0
trinidad_and_tobago,10.6918,-61.2225,2020,141000,95000,46000,NA,NA,152000000,144000000,8000000,7150,127,0.017762237762237763
trinidad_and_tobago,10.6918,-61.2225,2021,NA,NA,NA,NA,NA,60000000,55000000,5000000,84749,2742,0.032354364063292784
trinidad_and_tobago,10.6918,-61.2225,2022,NA,NA,NA,NA,NA,NA,NA,NA,94134,1414,0.015021140076911637
turks_and_caicos,21.694,-71.7979,2010,900000,NA,NA,NA,NA,NA,NA,NA,0,0,0
turks_and_caicos,21.694,-71.7979,2011,1010000,NA,NA,NA,NA,NA,NA,NA,0,0,0
turks_and_caicos,21.694,-71.7979,2012,970000,NA,NA,NA,NA,NA,NA,NA,0,0,0
turks_and_caicos,21.694,-71.7979,2013,1070000,NA,NA,NA,NA,NA,NA,NA,0,0,0
turks_and_caicos,21.694,-71.7979,2014,1330000,NA,NA,NA,NA,NA,NA,NA,0,0,0
turks_and_caicos,21.694,-71.7979,2015,1320000,NA,NA,NA,NA,NA,NA,NA,0,0,0
turks_and_caicos,21.694,-71.7979,2016,1300000,NA,NA,NA,NA,NA,NA,NA,0,0,0
turks_and_caicos,21.694,-71.7979,2017,1240000,NA,NA,NA,NA,NA,NA,NA,0,0,0
turks_and_caicos,21.694,-71.7979,2018,1460000,NA,NA,NA,NA,NA,NA,NA,0,0,0
turks_and_caicos,21.694,-71.7979,2019,1600000,NA,NA,NA,NA,NA,NA,NA,0,0,0
turks_and_caicos,21.694,-71.7979,2020,370000,NA,NA,NA,NA,NA,NA,NA,893,6,0.006718924972004479
turks_and_caicos,21.694,-71.7979,2021,430000,NA,NA,NA,NA,NA,NA,NA,2391,20,0.008364700961940611
turks_and_caicos,21.694,-71.7979,2022,NA,NA,NA,NA,NA,NA,NA,NA,3195,10,0.003129890453834116
us_virgin_islands,18.3358,-64.8963,2010,2531000000,NA,NA,NA,NA,NA,NA,NA,0,0,0
us_virgin_islands,18.3358,-64.8963,2011,2686000000,NA,NA,NA,NA,NA,NA,NA,0,0,0
us_virgin_islands,18.3358,-64.8963,2012,2640000000,NA,NA,NA,NA,NA,NA,NA,0,0,0
us_virgin_islands,18.3358,-64.8963,2013,2702000000,NA,NA,NA,NA,NA,NA,NA,0,0,0
us_virgin_islands,18.3358,-64.8963,2014,2814000000,NA,NA,NA,NA,NA,NA,NA,0,0,0
us_virgin_islands,18.3358,-64.8963,2015,2643000000,NA,NA,NA,NA,NA,NA,NA,0,0,0
us_virgin_islands,18.3358,-64.8963,2016,2574000000,NA,NA,NA,NA,NA,NA,NA,0,0,0
us_virgin_islands,18.3358,-64.8963,2017,1954000000,NA,NA,NA,NA,NA,NA,NA,0,0,0
us_virgin_islands,18.3358,-64.8963,2018,1922000000,NA,NA,NA,NA,NA,NA,NA,0,0,0
us_virgin_islands,18.3358,-64.8963,2019,2074000000,NA,NA,NA,NA,NA,NA,NA,0,0,0
us_virgin_islands,18.3358,-64.8963,2020,862000000,NA,NA,NA,NA,NA,NA,NA,2036,23,0.011296660117878193
us_virgin_islands,18.3358,-64.8963,2021,NA,NA,NA,NA,NA,NA,NA,NA,7612,66,0.008670520231213872
us_virgin_islands,18.3358,-64.8963,2022,NA,NA,NA,NA,NA,NA,NA,NA,14133,38,0.002688742659024977
